{"peak_years": [2084.0670335167583, 2084.5172586293147, 2060.805402701351, 2050.0], "total_stored_list": [466.3018804065442, 492.80280177065265, 51.57367830990358, 23.032473764561942], "inflection_times": [2072.5471078963524, 2073.0214669312977, 2050.5487212611265, 2043.0121536703764], "storage_rates": [0.10956152977019323, 0.12276922508580682, 0.1375608056988795, 0.15412408663847182, 0.17266860924950317, 0.19342801455572353, 0.21666263947366887, 0.24266234694768354, 0.27174959859628334, 0.3042827748051343, 0.3406597420462778, 0.38132166015097885, 0.42675701283752043, 0.4775058324267052, 0.5341640736973251, 0.5973880714653248, 0.6678989908303677, 0.7464871471395825, 0.8340160335112774, 0.9314258461480169, 1.039736240592888, 1.1600479846382612, 1.2935430951902542, 1.4414829569794965, 1.6052038214123225, 1.7861089761879037, 1.9856567645037788, 2.205343523152405, 2.4466804112309806, 2.7111630292574804, 3.0002327007642338, 3.3152283289356945, 3.6573278792254267, 4.027478809880946, 4.426317214044279, 4.854076087660877, 5.310484029246598, 5.79465682919461, 6.3049858115556, 6.839028406100179, 7.393408157451869, 7.9637330624223805, 8.544542538836637, 9.12929417843556, 9.710401391519742, 10.27933178296992, 10.826773346159085, 11.342871207805382, 11.817531816175038, 12.240784541017245, 12.603183357802372, 12.896224590196116, 13.112751681031462, 13.247315684141512, 13.296461353571035, 13.258913591072355, 13.135647219029297, 12.929833591891363, 12.646669015175945, 12.29310069906444, 11.877474562558865, 11.40913456988801, 10.898004960078472, 10.354184883210326, 9.787580262916673, 9.207591168793138, 8.62286570590735, 8.041124406921874, 7.4690530961856085, 6.912257629850213, 6.375270950873218, 5.861601443489331, 5.373811381197016, 4.913615011440548, 4.481987174942458, 4.07927502020729, 3.7053071074174033, 3.3594958329437965, 3.0409305425959388, 2.7484598884171296, 2.4807629098247967, 2.2364090011297018, 2.0139073950494493, 1.8117470834612244, 1.6284282506727543, 1.4624863462642541, 1.3125099044600832, 1.1771531497946102, 1.0551443338007025, 0.945290638889188, 0.8464803736551786, 0.7576830753485002, 0.6779480344101283, 0.606401665127376, 0.5422440665661218, 0.4847450490493849, 0.4332398430335264, 0.38712465841078303, 0.3458522219963246, 0.3089273881464519, 0.27590289103508736, 0.2463752860940355, 0.21998111160113187, 0.19639328858874294, 0.17531776745967978, 0.15649042235667893, 0.13967418894635647, 0.1246564374426724, 0.11124657007420476, 0.09927383052124311, 0.08858531189237566, 0.07904414939891408, 0.07052788387831757, 0.06292698260352371, 0.05614350430666783, 0.050089895975520715, 0.04468790969722355, 0.0398676285872116, 0.03556659162218816, 0.03172900797306317, 0.10881899447439856, 0.12197012227122458, 0.13670282901800157, 0.15320532249183852, 0.17168769484955052, 0.19238433534519545, 0.21555657465948258, 0.24149557378374173, 0.27052546830658564, 0.30300677575453744, 0.3393400690241805, 0.3799699125280185, 0.4253890489928022, 0.4761428133380079, 0.5328337350598806, 0.59612627127679, 0.666751588161513, 0.745512277888729, 0.8332868603564012, 0.9310338726277445, 1.0397952931107028, 1.1606989808600066, 1.294959732206158, 1.4438784667891933, 1.6088389533512246, 1.7913013738126118, 1.9927919053737204, 2.214887380103889, 2.4591939682304442, 2.7273187375885866, 3.020832884726964, 3.341225435883921, 3.6898463074438435, 4.067837830491811, 4.476054222433459, 4.914969072134471, 5.384571732703483, 5.884254616709053, 6.412694770469898, 6.967734741504473, 7.546269572106581, 8.144148615342036, 8.75610256778366, 9.375707362972635, 9.995397029435148, 10.60653692284306, 11.199566565736674, 11.76421745864935, 12.289805658533838, 12.765591936506638, 13.181194542074264, 13.527031944889414, 13.79476654236409, 13.977716390008116, 14.071201504732775, 14.072794737468964, 13.982454513750946, 13.802527122881607, 13.537618341417241, 13.194346312106214, 12.780998066225365, 12.307119502599067, 11.78307222132975, 11.219590234476046, 10.627365748361376, 10.016686894922975, 9.397142657486263, 8.777402438832318, 8.165070695702443, 7.566611440522738, 6.987333481565031, 6.4314250407324725, 5.902025647805509, 5.401323636043737, 4.930668792395151, 4.490691403225869, 4.081420798034924, 3.70239831671364, 3.3527812711777254, 3.031435863533827, 2.737018133332715, 2.468042843159242, 2.2229408031091165, 2.0001055194349555, 1.7979302726073012, 1.6148368250831244, 1.4492969643367128, 1.2998480313863836, 1.165103492249816, 1.0437594969520823, 0.9345982505105842, 0.8364889013802906, 0.7483865407096393, 0.6693298036521064, 0.5984374734404315, 0.5349044103407558, 0.47799706058561964, 0.4270487441027883, 0.38145487323228755, 0.34066821648275203, 0.30419429054874614, 0.2715869391851101, 0.24244413810214502, 0.2164040499094827, 0.19314134151659082, 0.17236376762672, 0.15380901747572234, 0.13724181729811022, 0.12245127776257712, 0.10924847349115639, 0.0974642405034132, 0.08694717680299377, 0.07756183118369069, 0.06918706554549572, 0.0617145764755232, 0.055047562484563904, 0.04909952403604919, 0.043793184313678575, 0.039059519511842035, 0.03483688827337733, 0.11959029643596034, 0.13527764946141954, 0.15291747957751037, 0.17272301346705435, 0.1949222903347135, 0.21975662332171916, 0.24747807768180644, 0.2783457129821469, 0.312620306601279, 0.3505572549889134, 0.3923973449543822, 0.4383551094745455, 0.4886045433722647, 0.543262067862716, 0.6023668142569991, 0.6658585593210837, 0.7335539959419808, 0.8051224605366365, 0.880062744115978, 0.9576831449825253, 1.0370874073536653, 1.1171695322413266, 1.1966205223968875, 1.2739498037440533, 1.3475232454261739, 1.415618333005231, 1.476495186781416, 1.5284799387047816, 1.5700547945889154, 1.5999473130747757, 1.6172104437364276, 1.621285008939464, 1.6120377196651783, 1.5897703578264768, 1.555199052566698, 1.509406061509126, 1.453769529628068, 1.389878830741423, 1.319444010557778, 1.244207523796843, 1.1658651090373606, 1.0860006467162115, 1.0060376184074284, 0.9272077001170012, 0.850535338486304, 0.7768360042317144, 0.7067252014960406, 0.6406351606646719, 0.5788363368461515, 0.5214612479392197, 0.46852870021144694, 0.4199669771493326, 0.3756350500618947, 0.3353412741752987, 0.29885935006957665, 0.2659415596840843, 0.23632943935263817, 0.20976214366614054, 0.18598279819078728, 0.1647431496869261, 0.1458068107803273, 0.12895137089768008, 0.11396961325088491, 0.10067004332344867, 0.0888769006782296, 0.07842979477209884, 0.06918307777059862, 0.061005043455493194, 0.05377702118145063, 0.04739241721013956, 0.041755742257923216, 0.03678165331849436, 0.03239402934574719, 0.028525093813408096, 0.025114592155863515, 0.02210902833493129, 0.019460962012122194, 0.01712836582073326, 0.015074040851269286, 0.01326508754528896, 0.011672428623493426, 0.010270380364187794, 0.009036268428135912, 0.007950084441088346, 0.006994179654347519, 0.006152992175147621, 0.0054128044687809015, 0.004761528065871011, 0.0041885126483241645, 0.003684376927283902, 0.0032408589596615764, 0.0028506837723928703, 0.0025074463729212416, 0.002205508419118788, 0.0019399070013390585, 0.001706274153557134, 0.0015007658599965005, 0.001319999458943458, 0.001160998467447466, 0.0010211439602308755, 0.0008981317343520952, 0.0007899345789516241, 0.0006947690477025198, 0.000611066201286157, 0.0005374458491659721, 0.00047269387492352664, 0.00041574227817712736, 0.000365651609286941, 0.0003215955112649211, 0.0002828471170989378, 0.00024876708056025687, 0.00021879304493386365, 0.00019243037738809885, 0.00016924401723724322, 0.0001488513044636159, 0.0001309156708350311, 0.0001151410900286894, 0.00010126719557506412, 8.906498636145058e-05, 7.833304905832157e-05, 0.0912746317446942, 0.10918087729135242, 0.13035499792747257, 0.1552870959056735, 0.18449456055881064, 0.21850147415788407, 0.25780666063615565, 0.30283758699859725, 0.3538878516838054, 0.4110374645183788, 0.4740579498588541, 0.5423087961130243, 0.6146378800534095, 0.6893054468100872, 0.7639572049544302, 0.8356741626101128, 0.9011215090149832, 0.9568035946735018, 